IC01	IC02	IC03	IC04	IC05	IC06	IC07	IC08	IC09	IC10	IC11	IC12	IC13	IC14	IC15	IC16	IC17	IC18	IC19	IC20
290336.5	336266.22	423763.12	356545.84	374100.28	328930.0	284987.38	428973.16	146354.25	369057.25	352068.6	278854.78	341471.2	445085.3	394219.2	378528.47	423322.97	303462.0	133474.08	325234.47
290072.44	336528.7	424580.34	356173.4	374768.2	329641.94	285225.25	428231.34	146177.11	368886.8	352042.47	278968.34	340475.03	446008.84	394472.3	379500.06	424158.88	303226.9	133715.5	325590.5
290700.28	337011.44	425747.6	356474.62	375782.22	329456.6	285439.25	429051.6	146648.05	368577.6	350772.06	278855.97	338579.28	444981.94	393101.75	380743.0	424313.6	303776.22	135630.66	327003.6
290056.25	336292.72	424852.62	356854.16	373665.7	328331.0	285552.88	429257.6	147099.03	367767.16	350415.34	278788.75	338250.3	444026.9	393021.5	380500.3	423138.38	303515.38	135811.39	326636.38
288770.94	334574.44	424163.78	356245.97	371557.28	327255.34	284846.6	429022.9	146971.16	368403.75	350554.6	278319.84	340320.62	443295.84	393112.25	379466.53	423165.47	302741.66	134578.16	324298.6
288707.06	333091.4	423601.34	355995.38	370966.62	326675.7	285620.03	428929.3	146025.75	368229.06	349537.2	277912.62	341697.84	442606.6	392264.2	378590.84	422097.0	302303.78	133173.38	323500.34
289378.5	333937.38	423913.84	356076.94	371615.0	327649.5	286299.9	428541.06	145827.34	368354.34	349460.12	278252.84	342728.5	442469.4	393050.06	378301.16	421670.4	302011.34	132996.9	324473.6
288705.84	334592.53	424545.75	355551.38	370721.38	327953.22	285396.44	428319.34	145993.44	367418.88	349356.16	278629.22	343019.4	441816.97	392849.7	377328.0	420975.22	300791.53	132441.31	325866.47
287801.97	331876.7	423553.34	354742.38	372244.38	326754.47	284761.1	428027.62	145075.73	369069.9	348258.53	278962.72	344271.62	440922.25	392230.7	377162.34	421326.9	300283.22	129958.625	324401.47
287195.53	331492.06	423825.0	355638.72	373564.25	326128.16	284179.3	428213.34	144834.17	369094.94	347856.25	278484.6	343105.7	440754.06	392425.97	377780.7	421291.03	300296.94	129658.47	324504.12
288674.9	330929.03	424068.16	355315.25	374442.75	327122.3	283790.53	427830.22	145226.12	368908.84	346974.4	278903.16	342337.0	440604.3	393860.97	377759.88	420923.75	300246.03	130052.945	323776.62
289069.9	330220.28	424537.3	355238.75	374369.03	328108.94	284164.03	427715.0	145281.86	369287.2	347064.66	280267.75	340580.88	441860.3	394432.7	378163.44	421417.22	300442.28	129224.19	323304.4
289449.5	330887.16	425110.03	356229.97	373829.56	328914.03	283762.94	428930.66	145140.94	370115.1	349809.5	280079.12	337817.16	442586.97	394468.2	378195.6	422358.75	301226.4	128404.195	325226.75
289756.47	332258.1	426037.03	356455.72	374291.5	329087.53	284439.56	428488.56	145413.47	371717.9	352227.84	280781.94	339956.22	442547.4	395710.8	379125.78	423539.3	301531.47	128892.016	325266.6
290467.4	334495.06	427464.72	357032.03	375935.53	330208.47	285644.12	428931.5	146187.64	372287.78	352009.25	280422.28	342660.22	442936.06	397115.7	381720.38	425898.3	301199.06	131153.9	326165.75
291123.44	335802.38	428184.47	357889.47	376415.84	330423.22	285906.06	428994.72	146302.9	371493.28	350993.84	280744.34	343896.9	442534.12	397616.53	383731.06	427376.62	301185.53	132672.9	327241.84
290391.22	336047.25	428654.94	358361.38	377738.88	330243.5	286280.62	429327.22	147069.52	370990.0	350819.34	280960.84	344651.28	442475.2	397243.8	384844.16	427990.34	301358.97	134754.36	327394.94
290840.84	336063.1	427876.94	358328.53	379164.5	330291.56	285378.44	429693.4	147588.8	371236.84	351436.78	281604.72	345597.66	442660.94	396484.2	383792.06	428000.2	301955.84	135381.78	327998.44
290399.78	334676.34	428077.44	357965.97	379495.53	330043.44	284169.72	430117.28	148370.03	371231.88	351006.38	281333.8	344365.6	443671.3	396945.8	382294.6	427921.66	302548.94	134850.03	325889.88
289423.66	334647.38	427634.9	357312.72	378212.25	329874.3	284138.94	429780.44	147703.95	370818.3	350704.6	281212.0	341618.25	443787.66	396810.72	381508.25	426633.06	302288.84	133390.31	326239.38
289339.78	334983.56	428527.8	356913.94	377416.72	330140.0	284227.6	428671.44	147088.12	370143.53	352443.0	280559.78	339714.56	444075.25	396833.56	381821.66	426980.88	301399.84	132859.9	327614.16
289870.72	336041.7	427875.03	357338.5	376483.94	330801.62	284895.8	428862.0	147074.94	371064.75	354308.78	280786.53	341877.84	443742.56	397631.0	382269.16	428281.06	300582.22	133787.36	326824.4
290453.0	336544.28	426976.8	357361.22	375851.47	330456.62	284936.12	428775.72	147339.7	372084.3	353565.12	280355.0	344065.78	442683.22	397001.88	383547.75	429586.47	301002.22	135179.16	327284.53
290138.94	335140.75	427505.28	357096.53	375274.7	331091.9	285373.97	429589.28	147299.9	370673.97	351723.56	279173.4	345588.0	442774.2	396583.62	384535.72	430008.28	301487.03	136269.84	328296.28
290919.72	335385.56	426387.4	356428.62	375820.6	331813.6	284897.62	429161.62	147557.88	371036.1	351363.0	280997.53	342653.1	443151.75	396812.34	384147.28	429481.88	301351.16	136218.61	327982.2
290206.53	335352.47	427431.6	356688.88	375230.97	330553.34	285096.44	428822.66	147060.61	371249.34	353342.6	279541.84	340857.03	443541.88	395260.2	384522.75	429843.6	299961.25	136692.36	328632.03
289816.22	334791.2	428253.75	355512.72	377310.03	330393.38	285043.12	429343.16	146851.58	371510.0	353855.72	279514.75	343024.06	445644.94	396854.0	386187.34	431701.3	300250.06	136848.75	325944.25
289620.7	337763.1	430389.0	358177.75	380979.16	331575.2	284663.03	429216.72	147840.42	368942.62	357562.12	285454.44	342465.1	447516.2	395316.53	386278.9	429128.5	302579.53	136634.44	325105.97
292808.94	341854.4	427022.5	359490.94	379536.12	332081.53	284548.4	432204.16	149406.23	372145.4	356151.44	284748.66	344389.62	447630.7	398644.94	382890.25	424167.8	305718.94	137798.14	331905.62
289744.78	338398.53	425027.62	358041.8	374259.84	328123.6	285592.03	430012.44	147801.03	367290.94	351907.72	280376.72	343531.6	444104.25	394263.28	375995.84	417085.88	304457.56	134713.34	324652.8
290921.75	337139.9	423389.1	357550.9	375001.25	328397.16	285354.94	429737.97	147496.19	369581.44	354014.3	280351.88	344497.75	445764.1	395126.84	377193.5	420283.3	302711.1	133221.6	324846.5
289724.97	336958.06	423009.6	356977.0	374475.16	327844.28	285153.34	429425.66	147285.27	367520.0	351379.25	280221.88	340194.47	444899.06	392587.03	375214.9	417334.03	302732.44	133250.06	325677.03
288204.44	334493.6	421634.16	356982.94	372184.28	326175.03	283408.7	428964.03	146074.58	366343.9	348493.9	278928.62	338422.53	442986.8	389574.2	374450.88	416713.34	302193.2	130274.28	324733.25
287919.1	331732.2	419874.22	356973.47	370508.22	324482.6	283374.56	428431.5	145108.67	366229.1	348696.9	278744.4	338186.25	443013.8	388683.78	373477.44	417555.97	301127.6	128919.66	322907.44
286990.5	330309.06	420189.44	355798.78	369810.16	322747.28	283876.88	428321.34	144829.44	366566.88	348759.5	277624.12	338974.2	443501.97	389246.66	373940.22	417782.34	301284.16	128176.9	320648.4
286527.7	331593.47	420538.72	356671.22	369873.34	324975.3	284598.7	428503.2	144243.39	366081.84	348985.7	278314.75	336805.28	444122.38	391538.2	374457.06	418156.2	302144.66	127469.27	321451.0
287657.03	331998.47	421783.0	356719.47	369833.84	327018.1	285169.84	429239.56	144131.4	366467.3	347705.7	277736.88	336440.78	443797.97	391670.2	375867.28	419046.78	302422.4	128257.09	323131.12
288604.97	333270.7	422461.88	356783.44	368890.06	326543.9	285039.94	428497.62	144734.56	364505.88	347465.22	278145.3	335762.88	444099.75	392515.12	376533.66	419905.28	302987.16	128377.76	324462.16
288545.4	334254.94	422401.72	356522.22	370344.38	326685.62	286845.38	429003.25	145536.34	368431.62	349017.5	278661.84	340165.22	444746.7	395523.94	379352.4	422852.44	303147.9	130271.81	323311.38
288061.72	334065.88	424659.03	355422.34	371744.38	327522.8	286474.28	429373.5	146029.5	367051.78	346868.16	276575.7	341847.53	442720.16	394850.84	377881.03	421550.53	303572.44	132036.56	323402.0
287723.28	331050.97	423700.94	354516.22	371105.0	326878.88	286827.03	429126.84	146432.69	368119.22	346766.9	274414.8	341899.16	441136.16	395069.66	377579.88	422290.34	302340.72	132097.89	320607.9
288413.66	333408.47	423749.9	356112.3	372091.06	327132.94	286266.88	429301.6	145630.95	368003.62	347600.8	276933.8	342317.66	442380.97	395210.78	376628.88	421336.5	301679.66	130384.805	322641.22
287454.78	333359.12	423578.2	355234.78	371599.7	326300.28	285941.1	428016.34	145019.55	367149.34	346816.22	277350.53	341426.03	442539.7	395220.75	376415.62	420012.75	301103.78	130102.33	323123.8
287449.5	333241.34	423654.75	355272.4	370655.06	325715.7	286036.47	427845.9	145376.84	367438.38	346857.0	278229.72	341173.66	443384.47	394931.38	376672.66	420130.16	301499.72	129576.92	321913.3
288312.4	331600.25	423896.38	355318.03	370328.06	325970.12	286645.66	428359.25	145895.39	369483.47	347687.75	278481.2	341413.66	443899.56	394437.1	377974.16	421594.22	301726.75	129643.06	321606.1
288522.7	332268.34	425183.25	355897.75	371812.62	326713.34	286773.5	428283.2	145727.64	369471.03	347474.6	279040.44	340276.75	443534.72	394049.03	379416.1	422364.53	301529.38	129461.5	322986.53
288438.62	333274.84	426338.66	355982.3	374953.06	327343.84	285055.62	429188.44	145509.31	369008.84	348519.03	279429.62	339271.06	444844.8	394146.75	380633.2	423544.4	303020.44	130353.64	324164.34
289481.38	334927.4	427268.8	356001.53	377152.47	328888.75	284752.84	430167.06	146572.44	368661.78	348539.38	280023.7	338890.62	445197.56	394834.5	380320.72	424494.38	303869.28	132388.11	324042.12
290678.66	335087.2	426807.9	356412.72	375603.94	329270.72	284719.62	429043.6	146939.06	368861.62	350967.62	280886.97	339027.9	443697.84	394369.62	377760.78	422447.25	303452.78	132216.45	324404.9
290393.66	334190.53	425972.88	355533.94	373590.75	328751.16	285473.88	428883.4	146612.44	369451.88	350990.56	279121.34	340200.9	443361.62	392970.88	378120.5	421698.75	302026.3	132224.14	323407.28
290495.6	333991.7	426188.8	355086.12	371696.3	328767.8	285575.34	428472.6	145484.56	369131.94	351099.9	278838.06	342632.4	441698.0	392360.25	377801.56	421430.88	300196.8	130875.33	323970.5
291119.03	333996.44	426526.62	356147.5	372163.34	329353.03	285766.44	427550.84	146082.45	369638.06	349410.88	279247.72	343911.72	441102.56	394042.9	377837.22	422910.72	298883.9	130645.72	325363.56
291454.8	333788.84	427856.0	355783.22	373810.72	330793.06	286163.47	428417.06	146830.64	370951.44	350547.94	277717.38	343876.3	442150.03	396939.84	381177.9	426715.5	299955.2	132125.27	325498.88
291906.3	335324.97	429184.9	356954.88	374796.94	331149.2	285856.56	429259.44	147039.48	370581.8	349492.12	278747.8	342070.28	442435.16	397341.78	383669.6	429062.16	301492.7	133374.06	327405.75
293574.94	337283.84	429760.53	357794.25	376277.0	333312.8	285183.28	429765.6	147674.14	370393.4	350484.06	283155.16	340276.75	442080.78	397326.75	385847.6	431468.5	301974.12	135808.16	331468.75
291221.2	334376.38	430147.28	357026.9	376684.94	331751.88	285711.28	429527.94	147292.2	371605.72	353412.4	281159.12	338870.12	443192.7	396445.1	388197.3	433424.62	300272.9	136048.12	327274.9
290587.62	335705.2	430790.84	357496.88	376613.22	330735.88	285323.44	428816.94	147663.36	370671.75	354200.3	280874.38	340247.06	441770.72	395431.7	387388.56	432195.38	300158.34	137198.75	328241.2
291664.53	337238.7	429670.62	357647.97	377369.5	330887.44	285596.0	429790.4	148096.38	371555.16	353635.6	280986.66	342796.7	441560.94	396022.1	387290.4	431776.4	300572.1	138828.66	329671.22
290726.97	336839.16	427414.5	357968.75	377331.25	330545.25	284973.47	429414.28	147449.52	370969.06	352246.12	281388.66	343748.72	441077.72	395604.25	386218.44	429984.2	300011.4	137997.69	329680.3
290406.5	337531.44	428221.22	358282.88	378740.78	331271.78	284955.1	429058.44	147600.12	372039.28	351208.72	282176.06	343171.5	440978.2	397090.88	384893.3	429781.3	300173.25	137198.05	328259.56
293395.03	339079.12	427873.4	357353.94	380835.72	332466.78	285206.16	429773.06	148175.3	372520.06	353178.1	283963.9	340374.47	443317.7	399229.56	384936.06	432532.72	300814.0	137878.19	332197.5
290970.5	338032.88	429663.62	358021.84	381554.72	332083.28	285319.2	429569.78	147997.36	373749.2	355128.66	283469.8	340566.12	444112.62	397722.88	387084.9	433277.88	300271.06	139739.34	328045.66
293955.7	341057.44	431627.9	359639.16	381514.16	333751.75	285512.84	430996.75	152239.14	376089.0	353962.72	286192.03	343499.56	446586.94	400915.03	386395.9	431801.25	303804.9	142220.78	332110.06
291546.22	339961.06	432719.12	358182.38	383033.8	331837.94	286370.78	431388.28	149856.52	372896.2	355790.5	282446.44	347431.94	447298.97	399926.2	386076.44	431475.44	305046.66	139401.98	330171.88
290130.0	339794.03	428049.62	358729.75	378592.75	330918.53	283532.38	431594.7	149825.7	370999.12	352792.47	283057.0	344910.84	445583.78	399054.75	379633.47	422949.97	305680.03	137412.5	327621.62
289268.84	335685.06	424065.44	356609.3	376286.4	328881.28	284109.5	429870.3	147485.83	369218.94	350153.28	281693.44	343387.12	443534.22	394801.8	376963.44	420320.25	303778.16	133462.34	324401.97
289404.6	337020.47	422952.66	356469.0	375768.8	328722.75	284623.7	428961.06	145526.9	368304.8	351423.6	280502.6	343794.9	444049.97	394293.2	375622.94	418646.1	302586.78	132376.05	324866.25
289226.44	337454.56	422290.12	356128.0	373682.1	327312.9	284700.66	428339.7	145034.03	368177.1	352541.1	280450.2	344127.3	444717.7	393767.16	375325.8	418356.84	302834.47	132278.9	323517.75
288228.66	334055.72	421924.78	355086.6	370956.2	326208.06	285604.6	428409.03	145168.66	368041.28	351736.47	278475.84	342850.06	444134.22	391008.7	375552.75	418795.6	302274.4	132410.66	320986.3
287209.53	332244.66	421165.12	355692.25	370099.06	323668.66	284788.5	428507.38	143385.55	366298.9	348676.84	279119.78	342347.06	444507.12	390826.22	375451.6	418437.66	301421.44	130175.95	320391.66
288390.8	333650.03	421765.9	356314.88	370399.5	326128.7	284955.9	428674.7	144701.17	368235.2	349891.2	279060.1	341805.25	443703.12	391758.22	375519.16	418966.38	302268.72	129180.97	322345.2
285870.5	331535.1	421729.12	355504.7	370572.03	325279.12	283929.88	428511.03	143939.06	366645.78	349209.28	279070.78	342806.12	442185.12	390177.5	374085.8	418309.2	301767.5	128411.0	322063.94
284309.5	329140.12	420842.47	355918.94	370272.53	323979.56	283257.78	428184.3	143188.02	365490.34	349562.12	278233.38	342679.53	440934.0	388035.5	372398.97	417404.03	300726.6	125944.09	322147.47
284804.06	327404.94	421196.75	354945.16	370575.1	323478.22	283937.28	427727.72	142916.39	367028.56	348932.16	277810.16	343619.16	440840.66	388554.1	372994.88	418948.22	299545.47	125335.98	320913.25
286254.66	329408.4	422131.2	355498.12	371650.56	325555.38	284463.5	427427.16	142745.34	367767.94	348768.78	278887.06	343185.0	441805.0	389904.22	374396.72	420171.8	299856.88	125414.83	321836.53
287583.12	331214.94	423397.88	356432.1	373807.97	328603.1	284052.34	427899.9	143431.52	368306.0	347593.84	279342.38	342299.16	442127.7	390906.97	376261.34	421849.9	300972.1	126557.61	323248.34
289530.7	331350.16	423921.4	356475.34	375212.4	330486.47	283652.6	428103.94	144798.98	370430.78	348668.44	278773.22	343271.94	442841.06	391245.1	379086.28	424282.6	301954.34	129194.125	324600.88
290334.28	331717.75	426244.4	357665.22	377310.72	331810.84	285095.16	428435.66	145105.8	368995.44	349192.34	281258.84	342721.4	444681.6	393503.5	383309.34	426097.78	303009.97	130123.63	324473.4
292284.5	333578.3	427809.16	358094.06	378479.34	330818.94	285316.53	430087.66	146941.9	372805.03	352950.53	279567.78	344671.7	445036.53	397318.78	383796.03	427378.0	303393.94	134047.0	329851.06
290238.4	332835.5	426423.56	356922.1	375737.78	328655.22	284479.1	430130.56	146965.23	368377.3	349905.66	278825.28	344484.38	443262.4	394668.12	379608.2	423467.94	303648.75	132459.53	326215.5
288884.47	331244.72	424694.2	356524.34	373248.22	327749.47	283940.66	429190.16	146152.56	367973.72	348997.34	278796.2	343363.56	442501.44	394753.7	377240.53	422300.06	302735.0	130216.37	323338.84
288812.62	330788.62	424055.62	356026.3	373285.8	328229.16	283678.84	428675.5	145306.16	367478.12	348110.44	278207.72	341305.6	444079.28	395191.38	376489.2	422415.22	301542.5	129587.06	322811.44
288856.9	331666.5	424730.25	355960.9	374403.53	329288.0	283998.8	428374.44	144650.64	368533.34	348792.88	279063.94	340235.5	445340.5	394868.34	377830.75	423262.78	301879.97	129139.766	323891.03
289836.28	333081.44	426941.5	355763.6	376627.72	330300.47	284103.66	428012.2	145740.6	369569.7	351201.97	279208.72	339061.53	446184.03	395184.88	379422.9	425980.8	302719.1	130326.33	325338.34
290610.62	334105.28	428670.12	356163.3	377632.5	330275.97	284868.66	428375.0	146290.31	370083.53	353076.72	278814.7	339946.62	445681.0	395691.62	380954.4	427436.8	302692.78	132472.12	326845.0
288479.72	332421.7	427637.78	356090.0	376868.06	329290.12	285189.88	429251.03	146202.25	369484.4	352827.72	278289.53	341108.25	444998.12	394716.34	381588.9	426004.1	302971.25	132446.56	326206.22
288641.88	332846.4	426488.25	357245.3	375786.8	329070.8	284947.22	429918.3	146158.73	368348.75	352933.53	277735.6	342634.4	443333.5	394095.53	379749.1	424166.47	302603.8	131644.34	325803.12
289791.38	332692.94	426577.72	357040.78	375944.06	328773.0	285727.22	429990.25	145810.78	369229.38	351442.7	277986.94	344712.72	442751.12	395070.25	379754.03	425096.34	301605.7	131814.06	325314.16
289903.16	334724.1	427334.62	357375.06	376732.7	328756.97	285432.06	430276.44	145799.72	369120.7	352441.06	278228.3	344415.4	444614.72	396123.44	380901.6	425951.2	302411.56	132145.34	325509.88
291001.2	334354.6	427359.12	357034.25	377747.88	329393.88	284773.88	430263.53	146664.97	368144.03	351772.16	278454.0	344342.53	444350.66	396940.8	378992.12	423410.2	302731.4	133374.9	325243.78
290197.53	332884.03	426629.6	355691.44	378087.2	329889.44	284497.44	429626.34	146718.8	369555.2	350642.25	278777.78	343714.06	444382.94	396874.7	379003.28	423935.1	302139.6	132956.42	324509.5
290456.22	334383.28	426747.47	356422.38	377858.06	329772.3	284891.78	429625.0	146218.86	369354.5	350636.8	279010.38	343526.34	445575.8	397619.56	379845.9	424730.8	302654.06	132741.69	325419.22
289855.53	336967.88	427243.75	357123.2	376439.9	330500.62	285676.5	430302.44	146112.28	368207.12	349893.34	279531.56	342232.1	444467.06	396646.12	380809.8	423792.22	303360.16	133140.5	326764.7
289499.62	337065.72	426432.2	356815.78	374572.78	330529.9	285617.16	430573.4	146781.16	367352.38	349192.22	279041.66	341069.4	444839.94	397620.25	379699.3	423859.03	304706.34	133551.97	326309.78
288600.9	334440.62	425299.97	356711.56	373539.66	329620.47	285216.56	430753.3	146346.28	367404.7	349005.5	278430.72	340383.78	444929.0	396279.75	379164.5	423505.62	304290.97	131986.1	325916.03
288359.1	337967.38	426501.53	360532.06	375875.97	329204.28	286113.6	430765.25	145137.3	372188.6	352188.62	278431.75	343159.97	445224.88	397204.12	380397.2	427006.4	304014.9	132921.62	325831.94
288990.25	339562.7	426715.84	360415.0	372056.78	329781.56	284973.97	430340.78	143653.52	365836.66	354913.16	274735.0	343147.34	443747.94	398260.94	376460.25	423786.7	304122.5	126929.33	328605.38
292084.66	336754.03	425349.9	356143.88	373556.4	329816.25	285327.12	428198.3	148854.83	366915.8	348432.12	277285.78	338976.16	441532.88	396382.2	380972.53	420387.7	301548.25	137924.98	330977.5
287939.38	333331.72	421878.53	355519.03	370488.6	325247.25	282097.62	427803.72	148447.3	365731.7	347399.5	275568.44	338973.25	440220.53	393305.84	377368.88	418281.25	301512.66	134461.8	327789.62
287320.5	330442.53	419175.38	353968.06	370481.62	324211.47	282685.53	427032.94	147038.98	367361.75	348098.06	275498.94	338246.44	440701.8	391659.28	376126.0	418937.62	300634.7	131620.28	325478.44
287389.7	331065.1	418794.84	354367.88	370364.34	324528.66	282924.6	425579.88	145980.56	368073.94	348276.38	275248.56	336406.5	440439.62	391121.16	377317.6	419756.6	299236.22	130309.83	326652.22
289539.97	331624.5	421216.34	354825.06	372773.6	326511.38	283873.12	426653.6	146042.02	368641.75	347929.53	275984.2	337868.97	440928.66	393622.62	378629.2	421530.28	300494.75	130167.05	327131.56
290711.03	332586.97	420987.66	355767.7	372905.2	328364.1	284151.22	427586.88	146845.02	369988.38	347707.8	277449.8	337079.44	441608.03	395109.2	380323.34	422698.28	302127.38	131844.05	328795.56
290105.62	333082.34	421792.62	354790.7	370607.78	328377.66	285396.03	428019.94	147618.14	368735.44	348604.84	277463.03	336540.34	442202.97	394527.78	381549.78	422954.4	302669.8	134459.67	325731.9
289085.66	334760.3	421903.78	354723.62	369864.84	327858.34	285798.25	428756.0	147735.94	367978.7	350394.84	277161.97	335096.7	441856.03	394435.62	380176.62	421657.88	303561.75	136051.7	324741.28
289117.03	334348.53	422212.56	354265.7	369687.53	326648.44	286368.44	427899.6	147842.86	368418.06	351067.9	276803.34	335817.3	441891.47	394204.66	379604.44	421078.4	302613.72	136304.61	323487.9
289335.22	333663.53	422638.28	353409.06	369774.84	327242.53	286000.9	427195.22	147599.39	368837.6	349244.97	277599.5	341681.62	442831.88	394228.2	380739.5	421913.78	301617.0	136003.34	323583.0
290756.0	335754.22	424090.44	354221.16	373084.6	328097.3	286056.34	428903.66	147666.38	369246.53	351058.22	277892.75	341843.75	443862.0	395040.0	381548.12	422820.06	303842.34	135308.88	324887.97
289100.66	335213.3	422714.47	354487.72	372583.38	327930.03	284839.28	427664.53	147955.64	369213.62	350783.38	278330.1	342618.3	442122.66	393790.0	379364.62	421613.9	303233.56	136098.3	325047.0
289056.25	334833.72	422628.1	354582.28	371880.16	327249.03	285411.5	427018.22	147061.45	369397.8	350580.72	278366.6	342511.06	441259.53	392898.66	378700.66	420636.6	301592.88	135583.84	324409.53
288613.3	334329.88	421708.34	353676.47	371724.5	326106.94	284894.7	426853.38	146798.36	369430.97	349964.12	278642.2	342476.7	442271.9	392557.06	378614.4	420749.66	300798.97	133715.92	323530.75
289450.8	335786.53	423354.38	353420.72	372805.3	326612.12	285162.4	426997.4	146502.23	370122.1	350453.2	279473.62	343014.75	441832.25	393764.0	378895.44	421387.78	300539.94	132810.98	324219.03
290046.12	335852.2	423824.5	354736.28	371288.75	327736.72	285398.75	426867.28	146620.48	370098.72	350005.22	280167.75	343688.1	441631.06	392835.34	379627.7	421027.53	301235.9	133444.7	324655.78
290691.5	333759.84	424071.4	354500.94	371344.16	328149.25	285033.2	427224.1	146728.31	370794.6	348515.2	279919.44	343372.4	440411.1	392963.72	379425.7	421787.9	300755.6	133023.97	324751.44
290646.5	334252.75	423547.88	355063.1	372101.3	328796.62	285070.22	427121.38	146334.7	370913.47	347917.16	280329.03	342104.38	439685.47	393298.22	380403.06	421453.88	300677.2	132216.6	326944.7
291624.6	333663.2	423989.72	354614.66	373300.44	329519.3	284820.94	427036.44	147015.89	371140.72	347816.47	280762.5	341449.28	440295.97	393926.72	380999.6	422498.3	300056.22	132696.03	325718.84
291619.44	333417.5	424882.03	354425.38	373428.94	329614.6	284945.25	426438.66	146930.89	371423.44	346514.78	280834.9	340324.7	441534.78	394068.78	381909.47	424434.75	299363.7	133341.45	325695.88
292226.3	335190.22	427944.75	355790.47	374626.72	330099.12	285695.75	427095.0	147700.1	371795.84	347749.4	281826.75	337452.78	442787.84	395640.25	383521.56	427081.94	300120.53	133191.1	326723.78
292335.5	336376.9	428555.25	356511.0	376158.34	331688.44	286133.25	428204.0	148116.75	374281.72	351473.44	280623.7	339419.06	442939.84	397015.6	385982.06	431145.06	300014.84	134908.02	327349.03
292133.97	336569.62	430414.72	356858.44	377513.3	332662.06	286392.12	428035.4	148421.5	373255.94	352398.84	280862.94	341605.47	441998.84	397439.28	387287.97	433058.72	299904.06	135707.84	328136.12
292638.94	337719.22	430359.7	358609.8	378796.56	332151.84	286472.38	429576.28	148255.47	371090.7	351896.75	280531.84	343479.84	442234.03	397484.88	388576.44	433454.3	300390.97	136890.25	329864.0
292410.53	338187.78	429777.25	358447.03	380250.72	332255.97	286027.5	430043.72	148679.17	370401.28	350903.62	280943.7	344415.12	441111.8	398193.06	388787.97	433318.16	300674.06	138113.38	328335.4
292060.75	337724.7	428501.56	358895.22	379311.62	331425.97	285524.12	430473.06	148187.1	370181.88	349061.34	281493.22	341772.84	442530.4	398339.8	387936.9	433454.4	300845.0	138024.08	329012.5
291270.4	336721.25	427312.56	358668.25	376621.2	331303.03	285004.5	430075.66	147765.5	369294.5	351701.56	281495.9	338254.34	442567.62	396688.72	386659.3	431315.53	300768.9	137336.8	329274.75
290624.34	336146.88	427817.28	358196.2	376322.4	330777.4	285702.1	429263.78	146786.45	370214.12	352408.0	280900.3	338702.44	442846.78	396436.06	385496.6	430945.47	300180.22	136779.19	326497.47
289994.03	337133.28	427412.94	358923.5	377867.16	330788.16	285387.03	428935.97	146945.23	372881.53	355668.25	284671.4	344031.28	446141.88	397255.53	388380.16	432035.28	301633.8	137109.56	322941.03
293041.28	342702.44	427287.2	357123.88	376975.47	331878.5	284106.5	429987.06	150039.73	373880.3	355585.88	285496.6	344705.25	446964.6	398996.25	383081.34	424290.2	305191.8	138036.62	331934.0
290182.66	335907.4	426442.66	355459.4	376219.53	329200.62	285203.22	429757.62	149070.69	370883.28	351150.28	280688.72	345094.47	445780.2	395031.34	379975.88	420153.12	303899.2	135783.25	324047.5
290809.94	335275.9	427038.34	356051.7	375360.03	329071.72	286129.16	428993.2	148540.02	372000.88	352305.3	280171.62	345627.2	445919.03	396363.75	374959.03	419330.72	303436.56	136199.9	324123.0
289494.16	335435.06	425513.2	355395.34	373747.75	328259.4	284553.06	427863.44	145742.25	368604.8	352601.62	278949.4	343466.1	445686.6	395714.9	375563.2	417432.9	301736.66	131774.92	323417.0
286482.47	332507.84	422933.84	355491.25	370489.12	326520.5	284502.75	427721.56	145241.53	367871.2	350053.28	278166.7	341224.34	444256.44	392190.22	374498.53	416246.84	302504.25	129537.445	320813.22
285111.84	330336.53	420827.72	355612.94	369447.8	325800.44	284368.2	427789.66	143901.14	368115.2	349090.0	277039.78	341910.4	442869.38	389828.47	374233.62	416580.44	301438.28	127956.33	319179.44
285008.06	329289.12	420142.3	355404.75	368033.97	324290.5	284216.28	427158.53	142728.55	367397.84	348010.0	277217.66	343063.12	442123.7	388045.47	373733.56	416100.06	300831.84	126333.31	319302.12
286042.3	329819.38	420966.9	356027.1	369518.06	324897.5	284492.72	427749.6	142891.81	367635.62	347999.97	277989.22	342983.3	441415.5	388150.47	373839.97	417518.38	301707.75	125454.84	319941.38
285932.34	328031.7	421263.1	355677.78	369509.53	325325.62	284711.34	428157.7	143422.58	368418.0	346612.66	277172.94	342634.72	440633.53	388437.12	374852.0	418301.7	302191.66	126296.22	320153.9
285853.97	327718.2	421020.03	356118.16	370239.22	325982.6	283889.9	427858.2	143342.89	366951.94	344976.9	277536.94	339061.44	440219.62	388991.94	374934.88	419426.72	301506.3	127371.33	321711.8
286108.88	329140.6	422465.53	356461.62	370901.53	325993.2	285116.4	427710.25	143412.6	367346.0	348926.22	278363.53	336184.97	440589.94	389837.78	375577.03	422342.1	300743.84	126622.836	322101.88
287210.75	330919.4	424484.06	356634.2	372386.12	327166.12	286001.0	427073.5	143557.52	369102.38	350583.25	278613.2	339601.28	440067.66	391530.88	378724.16	424971.0	298641.44	128394.45	323306.2
288430.75	332274.47	426145.28	357071.84	374290.25	328416.88	286016.47	427963.44	145056.42	370544.4	349359.06	278455.6	343561.78	440227.2	393088.53	381406.12	427606.7	298029.6	130728.836	324537.2
289946.53	335869.4	427788.47	358754.56	375961.97	330148.06	286608.88	429030.2	146555.12	369532.72	348842.1	279735.56	342186.16	441815.44	395790.34	382720.12	428514.7	299927.2	133491.66	328289.2
289145.3	334629.28	428018.44	358060.16	376415.66	329710.34	285309.56	429757.56	146388.72	369339.06	349846.56	279613.4	338872.28	443451.6	395991.5	385135.84	429784.34	300950.1	133808.9	327551.62
289575.66	335360.66	428939.22	358457.62	376227.8	329491.28	285232.78	429451.03	146511.72	370087.16	352839.62	280786.62	338347.22	443627.53	395921.84	385225.38	428583.62	301035.7	135015.52	327839.12
291361.25	336924.0	429345.53	358229.6	377952.53	331054.12	285300.25	430295.2	147186.47	370698.88	353754.1	281292.88	341733.62	444497.22	395711.12	384865.06	426744.03	302102.28	136399.11	328440.12
291919.8	336298.66	427911.25	358266.03	378718.88	331859.94	285632.53	430630.97	146710.5	370016.94	351599.2	281607.12	344179.25	444561.03	395361.9	383510.97	426976.4	301688.94	135358.64	328149.75
291882.94	337322.84	428869.1	358063.38	378540.28	332451.25	284278.34	430258.66	148078.16	370660.66	353881.22	282032.53	341720.06	446034.6	396312.0	381225.78	428242.56	302399.06	136415.9	329318.94
291422.66	336299.6	428354.78	358039.66	378101.72	331656.72	285628.28	430308.94	147191.22	371976.75	354286.06	280971.4	341251.53	445401.6	396965.88	381252.53	428223.1	301560.75	136716.44	329040.62
292054.4	338675.88	428688.6	357695.28	378320.9	332076.8	285446.03	430668.03	147380.61	370686.84	354750.38	281792.1	343896.28	446612.06	396936.5	382113.1	426738.7	302519.88	136846.62	330997.53
292124.03	337672.28	426846.8	358765.3	378505.0	332108.12	284691.47	431059.16	148018.12	369857.0	353048.56	280918.6	344531.16	444728.12	395576.0	381013.47	425391.75	303035.66	138173.28	328599.0
291867.25	337004.34	426960.53	359093.34	378231.6	332145.6	284406.34	431456.22	147592.53	370363.12	353671.03	281318.62	342775.4	446176.9	397066.3	380511.88	426196.28	303347.1	136165.1	327059.34
290566.5	336254.6	426685.22	357357.3	376673.72	330304.12	284241.03	431067.22	147112.78	370018.53	352736.78	280812.3	340375.12	446018.75	394970.62	378278.9	421703.84	304011.5	134752.39	328193.9
290841.25	336635.6	424623.25	357556.12	374679.84	329116.53	284745.44	430633.34	145898.42	368405.12	352219.03	281978.56	342998.53	444113.62	392419.12	375786.5	418933.3	303778.6	132801.38	330219.47
289666.78	333888.66	423297.47	355619.06	373728.6	328760.16	285068.47	429310.75	144756.58	367726.06	349584.8	281119.56	341058.88	443450.4	393107.94	375050.94	419428.06	301983.34	131018.05	326856.97
288904.56	333570.75	424403.12	355845.22	373573.12	327941.6	284793.53	428813.97	144225.34	367919.34	350149.16	280693.8	337540.8	443553.38	392843.88	375787.4	420002.4	300741.8	130706.34	328060.84
290018.28	335747.5	425989.9	356336.5	374782.5	329673.34	285413.28	428613.47	145318.22	370230.8	353612.0	281789.16	339907.2	444285.3	394204.7	378026.8	422231.66	301202.94	131693.66	328780.2
290096.0	335294.84	426263.97	356421.06	376642.06	329201.2	285350.66	429224.0	145181.66	370165.25	352266.8	281477.94	343070.4	443512.75	394371.72	380860.94	424636.4	302009.5	132702.8	328863.66
290553.03	334319.9	426738.84	357167.6	377451.5	328872.38	284777.6	430180.12	146771.81	369503.75	350096.88	281313.94	342841.9	442426.9	395208.0	382889.7	426479.47	302995.84	134623.53	329780.94
289453.66	332222.47	426612.72	356215.53	377137.03	328843.34	285160.1	430362.56	146472.25	370057.88	349757.44	280866.0	341855.75	443000.72	395461.94	386128.97	428987.66	302895.44	133683.11	326631.16
291723.0	334592.38	428583.72	358079.38	379709.56	331101.56	285212.0	431801.1	148266.84	373323.9	352445.72	278530.4	345686.28	444553.72	398348.28	390627.66	433365.75	302881.7	138118.28	327025.16
290610.2	337846.22	429149.28	358084.7	376500.2	330820.7	284504.97	432244.8	148471.1	368734.34	354173.8	281382.78	345468.56	446355.47	398266.22	385565.7	427422.38	307254.84	137084.83	325204.78
287084.75	334263.44	425124.62	356112.44	372178.53	326375.03	283213.62	430929.16	147182.14	366842.34	349680.5	279674.4	339101.6	444927.94	395761.0	377382.5	418937.6	304666.03	133432.73	321669.8
285218.78	333769.0	424921.94	360544.28	375028.44	325159.75	284337.62	428129.0	143997.95	365048.03	351805.0	276461.7	344416.3	446257.7	395533.3	375398.3	419180.66	305206.8	128910.64	315291.53
290656.47	338922.4	422917.47	356796.28	372582.38	327646.22	284900.25	428676.53	146375.03	371634.2	350621.75	282208.25	341939.5	444407.22	395346.56	375939.34	419247.56	302273.66	127891.4	328062.72
288428.72	333435.66	422160.03	353833.56	371764.3	324477.94	284473.0	426894.78	145584.61	368392.53	348068.78	277522.12	344005.75	442958.72	393140.47	373250.53	417069.94	302481.6	129901.22	322603.84
288449.38	332310.34	420849.38	355465.66	369298.38	323274.38	284593.84	426646.5	145163.39	367516.9	348664.94	277687.8	343645.2	442226.72	391740.22	372339.25	416506.97	302288.2	128246.11	319641.75
286664.7	330067.47	420147.7	354492.62	368509.3	322489.4	285245.38	426554.2	144227.1	368191.84	347248.38	276741.1	343370.88	441700.28	390215.12	372457.5	417523.62	301134.88	127463.19	317920.8
284761.66	330036.12	420938.06	354730.0	368905.38	323249.78	285487.44	426728.44	143650.75	367146.38	346602.88	277235.94	343412.0	441415.9	389666.03	371848.7	417550.9	301072.47	127387.78	317303.8
285008.06	330871.5	420899.47	355819.84	368977.5	323342.84	285900.2	426650.5	143313.94	367183.75	347529.53	277418.28	342755.75	441577.66	389695.1	372524.3	417743.97	301640.03	127042.33	317870.3
286250.38	331354.78	421663.8	355145.94	370293.75	323390.62	285804.56	427710.2	143949.94	368539.38	347468.72	277008.47	342907.34	441787.03	389580.1	374850.53	419851.9	301960.78	127848.125	318009.7
287705.3	332530.8	422429.5	356123.5	371413.34	325121.84	284695.9	428055.3	144182.6	367544.06	347915.34	277136.06	342341.22	440523.88	389208.75	375575.9	420040.47	301008.6	128156.164	321624.12
288200.62	331583.06	421817.47	356248.2	371651.22	326107.97	284843.0	427989.5	144563.92	367429.94	347994.4	277239.6	342093.4	439497.2	389645.0	375372.44	419328.9	300117.94	128161.84	323265.22
287737.8	330813.47	422353.38	357390.7	370951.94	326020.88	285088.97	427726.8	143980.39	366673.12	346716.1	276910.75	341402.4	438611.28	391665.06	375986.66	421147.6	298399.06	128117.75	323278.97
288269.16	330975.2	422964.9	357030.97	370897.22	326438.44	285334.06	427375.25	144450.02	366976.06	346173.53	276941.84	339256.75	439292.88	393490.06	376616.22	423629.62	297982.28	128541.69	322885.8
289036.22	331848.3	424611.7	356149.66	372156.16	327584.06	285211.53	427289.44	145148.34	367947.6	347166.75	278477.8	337505.8	442115.53	395187.56	378750.3	427338.22	298426.34	129464.53	324227.34
290092.6	333274.66	425453.38	357042.8	373375.0	328813.4	285154.25	427707.0	145596.83	368707.9	350518.38	278680.03	336166.88	442298.8	396479.8	380721.9	428971.75	298600.5	130841.64	325396.12
290770.25	335278.97	426879.1	356986.03	375234.5	330212.22	285429.3	428018.7	146040.03	370167.22	352166.84	280208.16	337578.25	443413.47	397078.53	382352.25	429889.9	300677.88	132760.52	327652.56
292591.66	337653.38	428441.03	357446.06	377353.44	331802.28	286187.34	429044.12	147298.77	372890.7	353802.75	281534.97	342078.4	445363.9	398543.9	386775.8	432636.25	302137.2	135365.19	330544.03
292458.8	339128.38	429923.44	357980.16	378336.25	332708.97	286591.4	430204.66	147668.56	371417.97	351907.38	281139.84	343737.4	444416.5	396906.12	388880.88	430625.84	303084.78	137605.98	331772.53
292332.75	339070.0	428844.5	358256.2	378745.38	333736.25	285513.3	430080.5	148499.61	370953.8	351861.25	282581.2	344484.6	443438.38	397858.84	387053.8	428495.88	302906.94	138847.44	331893.75
291004.16	337254.84	428851.2	356760.8	379626.62	332606.7	285231.3	430184.12	148702.0	371101.3	352044.8	281369.4	342100.4	445739.3	397899.1	387993.3	430382.34	302999.4	139127.56	329377.03
290264.62	338037.06	429438.78	357390.34	377882.06	331953.6	285343.47	429631.56	148375.22	370098.62	352902.28	280683.8	338615.6	444861.0	396389.12	385518.47	427518.84	302715.03	138541.16	331889.16
290382.25	336944.8	428883.12	356416.7	376652.94	331935.38	285282.6	428293.2	147238.67	371237.03	354450.22	280732.34	341616.44	444694.4	396558.16	384155.6	427642.7	300885.53	137300.33	329542.28
290675.34	338121.0	429601.22	358426.2	377272.56	333625.6	284975.84	429105.25	146770.44	373372.8	355875.4	281808.6	344939.3	447734.3	399030.66	389034.56	430333.06	300596.03	138063.16	326827.06
294650.12	341032.84	431107.62	357452.44	377800.8	334796.47	284213.06	429213.25	151966.17	374751.06	352348.94	281235.66	345411.5	445158.47	398410.4	387699.9	428397.12	302839.5	141951.16	331690.7
290472.44	335311.8	430293.25	355989.66	377909.53	331344.2	283695.47	429919.9	149558.17	369903.2	351168.4	277914.7	345019.25	445647.56	396134.9	383100.62	424554.53	305603.94	138978.28	323422.44
288873.94	333614.53	424626.5	358574.7	372995.38	327953.97	282553.8	429043.6	148378.19	368658.7	348250.06	278378.94	339825.78	443436.72	394148.66	375582.3	419044.97	303504.3	133433.84	323263.7
287014.66	331372.9	422967.9	355787.3	372462.22	326185.53	283576.8	428363.3	146869.31	369520.12	349713.78	277740.25	339370.94	443749.28	392722.25	375499.6	420075.2	301748.06	130655.09	321354.47
286363.6	331285.2	422223.12	356279.25	372201.94	325055.72	283408.72	427667.22	144882.75	367802.56	350853.4	277614.12	339556.47	443008.06	390684.16	374661.25	419103.06	300807.8	128329.5	322850.53
287715.88	332763.03	420917.16	356831.2	371906.66	325917.44	284159.28	427477.0	144362.12	367137.97	351779.75	278856.84	342142.22	442526.3	389318.2	374005.62	418270.47	300901.2	128635.164	326959.94
287376.38	331063.8	420123.84	355926.25	371724.7	325037.56	284766.88	427577.84	144007.52	367451.16	349272.44	277357.88	343232.62	441595.03	389559.3	374484.8	418510.0	299014.16	129551.195	325747.25
287135.97	330836.72	421141.22	355332.53	371263.38	325091.38	284988.66	427757.22	143995.48	366636.5	345969.94	277536.4	338112.22	440413.7	390126.8	374463.22	419536.44	299927.8	129060.0	325142.16
287648.03	330570.2	422453.78	355325.6	372331.12	325615.34	285267.12	427916.47	144258.75	368781.75	350401.47	278574.3	337393.28	440357.47	391952.44	376145.5	421073.97	299438.53	128834.21	324033.03
288591.78	332115.16	423958.8	356168.0	373651.53	327009.5	285897.22	428126.16	144282.3	368159.75	350663.25	278248.25	340893.53	439419.3	393346.44	377913.06	422009.03	299721.38	129536.03	324339.1
289849.25	332289.9	423804.03	356142.94	375372.03	328349.47	285548.3	427995.56	145017.22	369668.84	348308.22	279419.72	341758.28	439569.75	395302.72	380099.25	422795.3	299330.16	131622.61	324816.72
290036.2	332526.16	424349.12	356135.22	376294.53	328531.66	285141.38	428329.3	145330.31	369339.38	349742.12	280419.12	337081.94	442335.16	395297.34	382059.72	424534.62	299963.25	132908.89	324986.44
291108.7	333800.88	426820.44	355790.97	375897.94	329479.22	285653.75	428003.4	146261.73	370386.7	352796.25	281208.06	338381.62	442414.34	395177.03	383028.22	422678.97	300692.16	135004.33	326217.84
292218.34	335365.78	427161.2	356352.03	376145.9	330353.8	286333.56	428574.7	146657.89	370189.47	351117.66	281140.53	342458.22	441664.66	396667.97	383337.66	422092.47	301034.66	136197.12	325994.5
292713.3	337098.25	428198.3	356353.16	377013.28	331679.2	286575.8	429398.6	146895.2	370902.6	349975.12	281734.22	343747.9	442616.53	398810.88	384788.97	425429.16	302086.56	136080.5	327339.88
292983.4	339331.84	430469.7	356463.3	378243.03	332251.38	285331.12	429809.34	148892.25	371011.4	352821.0	282919.06	341252.72	444773.6	399707.0	384835.88	426822.0	303251.2	138789.9	329569.2
291154.84	339139.75	432108.1	356138.66	377517.56	331483.0	285276.75	429389.66	148341.92	370093.84	354002.0	281308.53	339769.75	444572.22	398231.84	384453.12	426712.88	302598.4	138560.61	327677.3
291734.6	339030.22	431338.94	357265.38	376491.9	332057.88	285193.62	429866.3	148980.92	371020.03	354816.78	280622.75	342183.66	445871.62	398688.22	385074.06	428700.4	302911.84	139520.8	327726.8
291617.1	339212.75	429792.2	358236.12	379287.2	334119.44	285622.1	430247.47	149233.98	371070.88	355237.3	282829.94	345070.56	448426.66	399172.3	390142.28	435499.6	304260.84	139682.14	325653.72
294945.06	342871.1	427890.16	359916.34	376979.78	334270.47	283776.62	433393.03	150253.28	372771.16	354731.72	282019.1	346675.9	447818.94	399318.84	387950.94	431948.34	307451.84	141615.31	330910.97
291416.72	338935.22	428463.22	357410.28	374849.28	330935.2	284531.56	431335.25	149685.94	369498.97	351666.06	280173.7	345465.75	446311.3	397008.22	380283.94	424727.34	305174.12	138587.28	326288.56
288507.62	337082.3	426652.47	357089.97	371888.72	328467.94	283412.8	430868.38	148391.81	366607.78	349680.47	279096.88	345291.0	444779.1	393885.9	373922.28	417995.97	304508.28	134197.78	324593.66
287164.66	332791.22	421226.88	355817.8	370151.0	326422.84	282843.97	429155.7	146437.67	366422.03	348622.8	279440.16	343325.2	444021.6	391265.75	370721.75	415746.03	302608.8	129755.17	322420.9
285673.7	330921.44	419018.03	355199.8	368803.4	324683.06	282736.28	428235.3	143768.23	365414.88	347297.25	278431.62	341259.7	444346.28	390055.3	369545.4	415152.1	301422.06	127730.875	320780.22
285722.12	331876.53	420560.56	355242.1	369362.22	323911.88	283227.6	427822.34	143207.28	364387.38	346832.5	278316.72	340030.9	444039.7	389797.94	369823.97	415348.2	301393.94	127382.234	321644.38
286682.34	332455.94	420266.16	354677.47	369562.84	322462.8	284386.94	428724.94	144264.94	367519.75	347259.62	278774.25	340373.28	444570.66	389598.2	371552.56	417929.75	302255.53	128768.66	321905.6
285744.94	331207.88	420975.4	355261.22	368887.56	323410.7	283486.03	428222.1	143307.19	366319.44	350109.44	278489.78	337957.38	442320.03	389268.5	372686.0	420087.97	301630.9	127076.19	323629.4
286931.62	330766.1	422185.72	356568.56	369603.62	325062.0	284521.72	427921.5	144397.45	367792.53	350727.75	277649.6	340721.6	440899.97	390373.7	375012.84	421614.97	301809.03	126691.33	323952.75
286941.0	330445.0	421702.78	356086.78	370984.72	326167.5	285508.9	427709.44	144199.88	367766.3	348164.56	276898.38	341233.47	439146.56	391585.53	375795.66	421958.28	298272.38	126994.25	322918.2
287604.53	332002.72	423047.7	356475.62	373787.0	327610.94	285621.1	427740.8	144200.17	368475.8	346497.34	278497.03	340069.7	439955.0	393485.78	377658.6	424103.47	299529.56	127689.94	323061.62
289107.3	333006.1	423787.78	355554.22	375293.03	328566.56	284640.06	427719.56	145193.44	371460.78	350833.62	280425.7	339789.44	442639.56	393952.94	380280.06	427011.75	300400.2	129360.61	324160.03
290175.44	333490.34	425127.2	356481.78	376607.88	329180.06	285099.06	428447.8	145640.97	370889.06	350069.34	279016.2	342748.6	441933.47	392952.38	381933.56	426474.1	301640.5	131284.64	326336.88
290663.97	333740.66	424624.4	357017.12	377501.1	330072.8	285029.2	428401.4	146190.97	370527.97	348564.16	280016.72	342738.2	441171.44	394601.66	381035.03	424166.62	301196.7	132513.11	327094.1
289737.9	332800.7	425517.72	355792.84	378534.16	329461.4	285302.6	429007.8	146507.31	371568.6	353278.22	280455.72	339892.03	443596.9	395940.3	383480.56	426559.8	301799.8	133115.69	325481.0
290243.25	335420.75	427366.84	357279.44	377678.84	330016.3	286604.56	428471.53	146711.25	371009.3	352555.6	279773.84	342252.1	443003.25	396846.3	384684.16	426536.66	302362.22	134618.47	328234.78
291188.88	336730.4	429101.1	357617.2	377513.78	331680.78	286427.12	429469.62	148087.83	371509.2	351775.62	279347.16	344825.44	443227.06	398333.7	385831.72	427276.53	302336.88	135871.28	329772.03
291924.4	335154.1	428974.9	356842.9	376090.22	330255.34	286004.4	429253.66	148016.23	370114.88	351147.03	279572.62	340934.8	445325.47	397364.34	385433.44	426917.8	302792.4	136330.6	326776.66
292001.8	337167.25	429977.16	358032.6	374990.25	331200.4	286688.8	429159.53	148784.47	371979.8	352644.97	280161.6	342086.34	444538.0	396668.4	384608.44	427583.3	302464.84	137651.92	327298.5
